src,dst,one_way_ms,nlinks
ATLA,CLEM,14.5525,2
ATLA,DALL,8.3410,1
ATLA,EDC,21.1330,5
ATLA,EDUKY,23.8331,4
ATLA,FIU,6.2825,1
ATLA,GATECH,13.3645,2
ATLA,GPN,13.0170,3
ATLA,HAWI,50.3970,3
ATLA,INDI,22.1625,4
ATLA,KANS,12.8795,2
ATLA,LOSA,25.8355,2
ATLA,MASS,10.3290,3
ATLA,MAX,7.2385,2
ATLA,MICH,22.3980,4
ATLA,NCSA,21.0830,4
ATLA,NEWY,8.9095,2
ATLA,PRIN,9.5765,3
ATLA,PSC,9.4345,2
ATLA,RUTG,9.4220,3
ATLA,SALT,22.8090,3
ATLA,SEAT,38.1140,3
ATLA,SRI,29.9040,3
ATLA,STAR,19.8485,3
ATLA,TACC,30.9917,4
ATLA,UCSD,26.9840,3
ATLA,UTAH,22.9160,4
ATLA,WASH,6.3680,1
CLEM,ATLA,14.5525,2
CLEM,DALL,22.8935,3
CLEM,EDC,22.9495,5
CLEM,EDUKY,25.6496,4
CLEM,FIU,20.8350,3
CLEM,GATECH,15.1810,2
CLEM,GPN,27.5695,5
CLEM,HAWI,64.9495,5
CLEM,INDI,23.9790,4
CLEM,KANS,27.4320,4
CLEM,LOSA,40.3880,4
CLEM,MASS,12.1455,3
CLEM,MAX,9.0550,2
CLEM,MICH,24.2145,4
CLEM,NCSA,22.8995,4
CLEM,NEWY,10.7260,2
CLEM,PRIN,11.3930,3
CLEM,PSC,11.2510,2
CLEM,RUTG,11.2385,3
CLEM,SALT,37.0390,4
CLEM,SEAT,52.6665,5
CLEM,SRI,44.4565,5
CLEM,STAR,21.6650,3
CLEM,TACC,32.8082,4
CLEM,UCSD,41.5365,5
CLEM,UTAH,37.1460,5
CLEM,WASH,8.1845,1
DALL,ATLA,8.3410,1
DALL,CLEM,22.8935,3
DALL,EDC,11.3215,4
DALL,EDUKY,14.0216,3
DALL,FIU,14.6235,2
DALL,GATECH,21.7055,3
DALL,GPN,4.6760,2
DALL,HAWI,42.0560,2
DALL,INDI,12.3510,3
DALL,KANS,4.5385,1
DALL,LOSA,17.4945,1
DALL,MASS,22.3955,4
DALL,MAX,15.5795,3
DALL,MICH,12.5865,3
DALL,NCSA,11.2715,3
DALL,NEWY,20.9760,3
DALL,PRIN,21.6430,4
DALL,PSC,17.7755,3
DALL,RUTG,21.4885,4
DALL,SALT,14.4680,2
DALL,SEAT,29.7730,2
DALL,SRI,21.5630,2
DALL,STAR,10.0370,2
DALL,TACC,21.1802,3
DALL,UCSD,18.6430,2
DALL,UTAH,14.5750,3
DALL,WASH,14.7090,2
EDC,ATLA,21.1330,5
EDC,CLEM,22.9495,5
EDC,DALL,11.3215,4
EDC,EDUKY,5.2691,3
EDC,FIU,27.4155,6
EDC,GATECH,21.7615,5
EDC,GPN,6.9205,4
EDC,HAWI,47.3410,5
EDC,INDI,3.5985,3
EDC,KANS,6.7830,3
EDC,LOSA,22.7795,4
EDC,MASS,13.6430,4
EDC,MAX,15.6355,5
EDC,MICH,3.8340,3
EDC,NCSA,0.0500,1
EDC,NEWY,12.2235,3
EDC,PRIN,12.8905,4
EDC,PSC,17.8315,5
EDC,RUTG,12.7360,4
EDC,SALT,16.6585,3
EDC,SEAT,35.0580,5
EDC,SRI,26.8480,5
EDC,STAR,1.2845,2
EDC,TACC,12.4277,3
EDC,UCSD,23.9280,5
EDC,UTAH,16.7655,4
EDC,WASH,14.7650,4
EDUKY,ATLA,23.8331,4
EDUKY,CLEM,25.6496,4
EDUKY,DALL,14.0216,3
EDUKY,EDC,5.2691,3
EDUKY,FIU,30.1156,5
EDUKY,GATECH,24.4616,4
EDUKY,GPN,9.6206,3
EDUKY,HAWI,50.0411,4
EDUKY,INDI,6.2986,2
EDUKY,KANS,9.4831,2
EDUKY,LOSA,25.4796,3
EDUKY,MASS,16.3431,3
EDUKY,MAX,18.3356,4
EDUKY,MICH,6.5341,2
EDUKY,NCSA,5.2191,2
EDUKY,NEWY,14.9236,2
EDUKY,PRIN,15.5906,3
EDUKY,PSC,20.5316,4
EDUKY,RUTG,15.4361,3
EDUKY,SALT,19.3586,2
EDUKY,SEAT,37.7581,4
EDUKY,SRI,29.5481,4
EDUKY,STAR,3.9846,1
EDUKY,TACC,15.1278,2
EDUKY,UCSD,26.6281,4
EDUKY,UTAH,19.4656,3
EDUKY,WASH,17.4651,3
FIU,ATLA,6.2825,1
FIU,CLEM,20.8350,3
FIU,DALL,14.6235,2
FIU,EDC,27.4155,6
FIU,EDUKY,30.1156,5
FIU,GATECH,19.6470,3
FIU,GPN,19.2995,4
FIU,HAWI,56.6795,4
FIU,INDI,28.4450,5
FIU,KANS,19.1620,3
FIU,LOSA,32.1180,3
FIU,MASS,16.6115,4
FIU,MAX,13.5210,3
FIU,MICH,28.6805,5
FIU,NCSA,27.3655,5
FIU,NEWY,15.1920,3
FIU,PRIN,15.8590,4
FIU,PSC,15.7170,3
FIU,RUTG,15.7045,4
FIU,SALT,29.0915,4
FIU,SEAT,44.3965,4
FIU,SRI,36.1865,4
FIU,STAR,26.1310,4
FIU,TACC,37.2742,5
FIU,UCSD,33.2665,4
FIU,UTAH,29.1985,5
FIU,WASH,12.6505,2
GATECH,ATLA,13.3645,2
GATECH,CLEM,15.1810,2
GATECH,DALL,21.7055,3
GATECH,EDC,21.7615,5
GATECH,EDUKY,24.4616,4
GATECH,FIU,19.6470,3
GATECH,GPN,26.3815,5
GATECH,HAWI,63.7615,5
GATECH,INDI,22.7910,4
GATECH,KANS,26.2440,4
GATECH,LOSA,39.2000,4
GATECH,MASS,10.9575,3
GATECH,MAX,7.8670,2
GATECH,MICH,23.0265,4
GATECH,NCSA,21.7115,4
GATECH,NEWY,9.5380,2
GATECH,PRIN,10.2050,3
GATECH,PSC,10.0630,2
GATECH,RUTG,10.0505,3
GATECH,SALT,35.8510,4
GATECH,SEAT,51.4785,5
GATECH,SRI,43.2685,5
GATECH,STAR,20.4770,3
GATECH,TACC,31.6202,4
GATECH,UCSD,40.3485,5
GATECH,UTAH,35.9580,5
GATECH,WASH,6.9965,1
GPN,ATLA,13.0170,3
GPN,CLEM,27.5695,5
GPN,DALL,4.6760,2
GPN,EDC,6.9205,4
GPN,EDUKY,9.6206,3
GPN,FIU,19.2995,4
GPN,GATECH,26.3815,5
GPN,HAWI,40.7495,4
GPN,INDI,7.9500,3
GPN,KANS,0.1375,1
GPN,LOSA,16.1880,3
GPN,MASS,17.9945,4
GPN,MAX,20.2555,5
GPN,MICH,8.1855,3
GPN,NCSA,6.8705,3
GPN,NEWY,16.5750,3
GPN,PRIN,17.2420,4
GPN,PSC,22.4515,5
GPN,RUTG,17.0875,4
GPN,SALT,10.0670,2
GPN,SEAT,34.4490,4
GPN,SRI,20.2565,4
GPN,STAR,5.6360,2
GPN,TACC,16.7792,3
GPN,UCSD,17.3365,4
GPN,UTAH,10.1740,3
GPN,WASH,19.3850,4
HAWI,ATLA,50.3970,3
HAWI,CLEM,64.9495,5
HAWI,DALL,42.0560,2
HAWI,EDC,47.3410,5
HAWI,EDUKY,50.0411,4
HAWI,FIU,56.6795,4
HAWI,GATECH,63.7615,5
HAWI,GPN,40.7495,4
HAWI,INDI,48.3705,4
HAWI,KANS,40.6120,3
HAWI,LOSA,24.5615,1
HAWI,MASS,58.4150,5
HAWI,MAX,57.6355,5
HAWI,MICH,48.6060,4
HAWI,NCSA,47.2910,4
HAWI,NEWY,56.9955,4
HAWI,PRIN,57.6625,5
HAWI,PSC,59.8315,5
HAWI,RUTG,57.5080,5
HAWI,SALT,30.6825,2
HAWI,SEAT,36.5115,1
HAWI,SRI,28.6300,2
HAWI,STAR,46.0565,3
HAWI,TACC,57.1997,4
HAWI,UCSD,25.7100,2
HAWI,UTAH,30.7895,3
HAWI,WASH,56.7650,4
INDI,ATLA,22.1625,4
INDI,CLEM,23.9790,4
INDI,DALL,12.3510,3
INDI,EDC,3.5985,3
INDI,EDUKY,6.2986,2
INDI,FIU,28.4450,5
INDI,GATECH,22.7910,4
INDI,GPN,7.9500,3
INDI,HAWI,48.3705,4
INDI,KANS,7.8125,2
INDI,LOSA,23.8090,3
INDI,MASS,14.6725,3
INDI,MAX,16.6650,4
INDI,MICH,4.8635,2
INDI,NCSA,3.5485,2
INDI,NEWY,13.2530,2
INDI,PRIN,13.9200,3
INDI,PSC,18.8610,4
INDI,RUTG,13.7655,3
INDI,SALT,17.6880,2
INDI,SEAT,36.0875,4
INDI,SRI,27.8775,4
INDI,STAR,2.3140,1
INDI,TACC,13.4572,2
INDI,UCSD,24.9575,4
INDI,UTAH,17.7950,3
INDI,WASH,15.7945,3
KANS,ATLA,12.8795,2
KANS,CLEM,27.4320,4
KANS,DALL,4.5385,1
KANS,EDC,6.7830,3
KANS,EDUKY,9.4831,2
KANS,FIU,19.1620,3
KANS,GATECH,26.2440,4
KANS,GPN,0.1375,1
KANS,HAWI,40.6120,3
KANS,INDI,7.8125,2
KANS,LOSA,16.0505,2
KANS,MASS,17.8570,3
KANS,MAX,20.1180,4
KANS,MICH,8.0480,2
KANS,NCSA,6.7330,2
KANS,NEWY,16.4375,2
KANS,PRIN,17.1045,3
KANS,PSC,22.3140,4
KANS,RUTG,16.9500,3
KANS,SALT,9.9295,1
KANS,SEAT,34.3115,3
KANS,SRI,20.1190,3
KANS,STAR,5.4985,1
KANS,TACC,16.6417,2
KANS,UCSD,17.1990,3
KANS,UTAH,10.0365,2
KANS,WASH,19.2475,3
LOSA,ATLA,25.8355,2
LOSA,CLEM,40.3880,4
LOSA,DALL,17.4945,1
LOSA,EDC,22.7795,4
LOSA,EDUKY,25.4796,3
LOSA,FIU,32.1180,3
LOSA,GATECH,39.2000,4
LOSA,GPN,16.1880,3
LOSA,HAWI,24.5615,1
LOSA,INDI,23.8090,3
LOSA,KANS,16.0505,2
LOSA,MASS,33.8535,4
LOSA,MAX,33.0740,4
LOSA,MICH,24.0445,3
LOSA,NCSA,22.7295,3
LOSA,NEWY,32.4340,3
LOSA,PRIN,33.1010,4
LOSA,PSC,35.2700,4
LOSA,RUTG,32.9465,4
LOSA,SALT,6.1210,1
LOSA,SEAT,12.2785,1
LOSA,SRI,4.0685,1
LOSA,STAR,21.4950,2
LOSA,TACC,32.6382,3
LOSA,UCSD,1.1485,1
LOSA,UTAH,6.2280,2
LOSA,WASH,32.2035,3
MASS,ATLA,10.3290,3
MASS,CLEM,12.1455,3
MASS,DALL,22.3955,4
MASS,EDC,13.6430,4
MASS,EDUKY,16.3431,3
MASS,FIU,16.6115,4
MASS,GATECH,10.9575,3
MASS,GPN,17.9945,4
MASS,HAWI,58.4150,5
MASS,INDI,14.6725,3
MASS,KANS,17.8570,3
MASS,LOSA,33.8535,4
MASS,MAX,4.8315,3
MASS,MICH,14.9080,3
MASS,NCSA,13.5930,3
MASS,NEWY,1.4195,1
MASS,PRIN,2.0865,2
MASS,PSC,7.0275,3
MASS,RUTG,1.9320,2
MASS,SALT,27.7325,3
MASS,SEAT,46.1320,5
MASS,SRI,37.9220,5
MASS,STAR,12.3585,2
MASS,TACC,23.5017,3
MASS,UCSD,35.0020,5
MASS,UTAH,27.8395,4
MASS,WASH,3.9610,2
MAX,ATLA,7.2385,2
MAX,CLEM,9.0550,2
MAX,DALL,15.5795,3
MAX,EDC,15.6355,5
MAX,EDUKY,18.3356,4
MAX,FIU,13.5210,3
MAX,GATECH,7.8670,2
MAX,GPN,20.2555,5
MAX,HAWI,57.6355,5
MAX,INDI,16.6650,4
MAX,KANS,20.1180,4
MAX,LOSA,33.0740,4
MAX,MASS,4.8315,3
MAX,MICH,16.9005,4
MAX,NCSA,15.5855,4
MAX,NEWY,3.4120,2
MAX,PRIN,4.0790,3
MAX,PSC,3.9370,2
MAX,RUTG,3.9245,3
MAX,SALT,29.7250,4
MAX,SEAT,45.3525,5
MAX,SRI,37.1425,5
MAX,STAR,14.3510,3
MAX,TACC,25.4942,4
MAX,UCSD,34.2225,5
MAX,UTAH,29.8320,5
MAX,WASH,0.8705,1
MICH,ATLA,22.3980,4
MICH,CLEM,24.2145,4
MICH,DALL,12.5865,3
MICH,EDC,3.8340,3
MICH,EDUKY,6.5341,2
MICH,FIU,28.6805,5
MICH,GATECH,23.0265,4
MICH,GPN,8.1855,3
MICH,HAWI,48.6060,4
MICH,INDI,4.8635,2
MICH,KANS,8.0480,2
MICH,LOSA,24.0445,3
MICH,MASS,14.9080,3
MICH,MAX,16.9005,4
MICH,NCSA,3.7840,2
MICH,NEWY,13.4885,2
MICH,PRIN,14.1555,3
MICH,PSC,19.0965,4
MICH,RUTG,14.0010,3
MICH,SALT,17.9235,2
MICH,SEAT,36.3230,4
MICH,SRI,28.1130,4
MICH,STAR,2.5495,1
MICH,TACC,13.6927,2
MICH,UCSD,25.1930,4
MICH,UTAH,18.0305,3
MICH,WASH,16.0300,3
NCSA,ATLA,21.0830,4
NCSA,CLEM,22.8995,4
NCSA,DALL,11.2715,3
NCSA,EDC,0.0500,1
NCSA,EDUKY,5.2191,2
NCSA,FIU,27.3655,5
NCSA,GATECH,21.7115,4
NCSA,GPN,6.8705,3
NCSA,HAWI,47.2910,4
NCSA,INDI,3.5485,2
NCSA,KANS,6.7330,2
NCSA,LOSA,22.7295,3
NCSA,MASS,13.5930,3
NCSA,MAX,15.5855,4
NCSA,MICH,3.7840,2
NCSA,NEWY,12.1735,2
NCSA,PRIN,12.8405,3
NCSA,PSC,17.7815,4
NCSA,RUTG,12.6860,3
NCSA,SALT,16.6085,2
NCSA,SEAT,35.0080,4
NCSA,SRI,26.7980,4
NCSA,STAR,1.2345,1
NCSA,TACC,12.3777,2
NCSA,UCSD,23.8780,4
NCSA,UTAH,16.7155,3
NCSA,WASH,14.7150,3
NEWY,ATLA,8.9095,2
NEWY,CLEM,10.7260,2
NEWY,DALL,20.9760,3
NEWY,EDC,12.2235,3
NEWY,EDUKY,14.9236,2
NEWY,FIU,15.1920,3
NEWY,GATECH,9.5380,2
NEWY,GPN,16.5750,3
NEWY,HAWI,56.9955,4
NEWY,INDI,13.2530,2
NEWY,KANS,16.4375,2
NEWY,LOSA,32.4340,3
NEWY,MASS,1.4195,1
NEWY,MAX,3.4120,2
NEWY,MICH,13.4885,2
NEWY,NCSA,12.1735,2
NEWY,PRIN,0.6670,1
NEWY,PSC,5.6080,2
NEWY,RUTG,0.5125,1
NEWY,SALT,26.3130,2
NEWY,SEAT,44.7125,4
NEWY,SRI,36.5025,4
NEWY,STAR,10.9390,1
NEWY,TACC,22.0822,2
NEWY,UCSD,33.5825,4
NEWY,UTAH,26.4200,3
NEWY,WASH,2.5415,1
PRIN,ATLA,9.5765,3
PRIN,CLEM,11.3930,3
PRIN,DALL,21.6430,4
PRIN,EDC,12.8905,4
PRIN,EDUKY,15.5906,3
PRIN,FIU,15.8590,4
PRIN,GATECH,10.2050,3
PRIN,GPN,17.2420,4
PRIN,HAWI,57.6625,5
PRIN,INDI,13.9200,3
PRIN,KANS,17.1045,3
PRIN,LOSA,33.1010,4
PRIN,MASS,2.0865,2
PRIN,MAX,4.0790,3
PRIN,MICH,14.1555,3
PRIN,NCSA,12.8405,3
PRIN,NEWY,0.6670,1
PRIN,PSC,6.2750,3
PRIN,RUTG,1.1795,2
PRIN,SALT,26.9800,3
PRIN,SEAT,45.3795,5
PRIN,SRI,37.1695,5
PRIN,STAR,11.6060,2
PRIN,TACC,22.7492,3
PRIN,UCSD,34.2495,5
PRIN,UTAH,27.0870,4
PRIN,WASH,3.2085,2
PSC,ATLA,9.4345,2
PSC,CLEM,11.2510,2
PSC,DALL,17.7755,3
PSC,EDC,17.8315,5
PSC,EDUKY,20.5316,4
PSC,FIU,15.7170,3
PSC,GATECH,10.0630,2
PSC,GPN,22.4515,5
PSC,HAWI,59.8315,5
PSC,INDI,18.8610,4
PSC,KANS,22.3140,4
PSC,LOSA,35.2700,4
PSC,MASS,7.0275,3
PSC,MAX,3.9370,2
PSC,MICH,19.0965,4
PSC,NCSA,17.7815,4
PSC,NEWY,5.6080,2
PSC,PRIN,6.2750,3
PSC,RUTG,6.1205,3
PSC,SALT,31.9210,4
PSC,SEAT,47.5485,5
PSC,SRI,39.3385,5
PSC,STAR,16.5470,3
PSC,TACC,27.6902,4
PSC,UCSD,36.4185,5
PSC,UTAH,32.0280,5
PSC,WASH,3.0665,1
RUTG,ATLA,9.4220,3
RUTG,CLEM,11.2385,3
RUTG,DALL,21.4885,4
RUTG,EDC,12.7360,4
RUTG,EDUKY,15.4361,3
RUTG,FIU,15.7045,4
RUTG,GATECH,10.0505,3
RUTG,GPN,17.0875,4
RUTG,HAWI,57.5080,5
RUTG,INDI,13.7655,3
RUTG,KANS,16.9500,3
RUTG,LOSA,32.9465,4
RUTG,MASS,1.9320,2
RUTG,MAX,3.9245,3
RUTG,MICH,14.0010,3
RUTG,NCSA,12.6860,3
RUTG,NEWY,0.5125,1
RUTG,PRIN,1.1795,2
RUTG,PSC,6.1205,3
RUTG,SALT,26.8255,3
RUTG,SEAT,45.2250,5
RUTG,SRI,37.0150,5
RUTG,STAR,11.4515,2
RUTG,TACC,22.5947,3
RUTG,UCSD,34.0950,5
RUTG,UTAH,26.9325,4
RUTG,WASH,3.0540,2
SALT,ATLA,22.8090,3
SALT,CLEM,37.0390,4
SALT,DALL,14.4680,2
SALT,EDC,16.6585,3
SALT,EDUKY,19.3586,2
SALT,FIU,29.0915,4
SALT,GATECH,35.8510,4
SALT,GPN,10.0670,2
SALT,HAWI,30.6825,2
SALT,INDI,17.6880,2
SALT,KANS,9.9295,1
SALT,LOSA,6.1210,1
SALT,MASS,27.7325,3
SALT,MAX,29.7250,4
SALT,MICH,17.9235,2
SALT,NCSA,16.6085,2
SALT,NEWY,26.3130,2
SALT,PRIN,26.9800,3
SALT,PSC,31.9210,4
SALT,RUTG,26.8255,3
SALT,SEAT,18.3995,2
SALT,SRI,10.1895,2
SALT,STAR,15.3740,1
SALT,TACC,26.5172,2
SALT,UCSD,7.2695,2
SALT,UTAH,0.1070,1
SALT,WASH,28.8545,3
SEAT,ATLA,38.1140,3
SEAT,CLEM,52.6665,5
SEAT,DALL,29.7730,2
SEAT,EDC,35.0580,5
SEAT,EDUKY,37.7581,4
SEAT,FIU,44.3965,4
SEAT,GATECH,51.4785,5
SEAT,GPN,34.4490,4
SEAT,HAWI,36.5115,1
SEAT,INDI,36.0875,4
SEAT,KANS,34.3115,3
SEAT,LOSA,12.2785,1
SEAT,MASS,46.1320,5
SEAT,MAX,45.3525,5
SEAT,MICH,36.3230,4
SEAT,NCSA,35.0080,4
SEAT,NEWY,44.7125,4
SEAT,PRIN,45.3795,5
SEAT,PSC,47.5485,5
SEAT,RUTG,45.2250,5
SEAT,SALT,18.3995,2
SEAT,SRI,16.3470,2
SEAT,STAR,33.7735,3
SEAT,TACC,44.9167,4
SEAT,UCSD,13.4270,2
SEAT,UTAH,18.5065,3
SEAT,WASH,44.4820,4
SRI,ATLA,29.9040,3
SRI,CLEM,44.4565,5
SRI,DALL,21.5630,2
SRI,EDC,26.8480,5
SRI,EDUKY,29.5481,4
SRI,FIU,36.1865,4
SRI,GATECH,43.2685,5
SRI,GPN,20.2565,4
SRI,HAWI,28.6300,2
SRI,INDI,27.8775,4
SRI,KANS,20.1190,3
SRI,LOSA,4.0685,1
SRI,MASS,37.9220,5
SRI,MAX,37.1425,5
SRI,MICH,28.1130,4
SRI,NCSA,26.7980,4
SRI,NEWY,36.5025,4
SRI,PRIN,37.1695,5
SRI,PSC,39.3385,5
SRI,RUTG,37.0150,5
SRI,SALT,10.1895,2
SRI,SEAT,16.3470,2
SRI,STAR,25.5635,3
SRI,TACC,36.7067,4
SRI,UCSD,5.2170,2
SRI,UTAH,10.2965,3
SRI,WASH,36.2720,4
STAR,ATLA,19.8485,3
STAR,CLEM,21.6650,3
STAR,DALL,10.0370,2
STAR,EDC,1.2845,2
STAR,EDUKY,3.9846,1
STAR,FIU,26.1310,4
STAR,GATECH,20.4770,3
STAR,GPN,5.6360,2
STAR,HAWI,46.0565,3
STAR,INDI,2.3140,1
STAR,KANS,5.4985,1
STAR,LOSA,21.4950,2
STAR,MASS,12.3585,2
STAR,MAX,14.3510,3
STAR,MICH,2.5495,1
STAR,NCSA,1.2345,1
STAR,NEWY,10.9390,1
STAR,PRIN,11.6060,2
STAR,PSC,16.5470,3
STAR,RUTG,11.4515,2
STAR,SALT,15.3740,1
STAR,SEAT,33.7735,3
STAR,SRI,25.5635,3
STAR,TACC,11.1432,1
STAR,UCSD,22.6435,3
STAR,UTAH,15.4810,2
STAR,WASH,13.4805,2
TACC,ATLA,30.9917,4
TACC,CLEM,32.8082,4
TACC,DALL,21.1802,3
TACC,EDC,12.4277,3
TACC,EDUKY,15.1278,2
TACC,FIU,37.2742,5
TACC,GATECH,31.6202,4
TACC,GPN,16.7792,3
TACC,HAWI,57.1997,4
TACC,INDI,13.4572,2
TACC,KANS,16.6417,2
TACC,LOSA,32.6382,3
TACC,MASS,23.5017,3
TACC,MAX,25.4942,4
TACC,MICH,13.6927,2
TACC,NCSA,12.3777,2
TACC,NEWY,22.0822,2
TACC,PRIN,22.7492,3
TACC,PSC,27.6902,4
TACC,RUTG,22.5947,3
TACC,SALT,26.5172,2
TACC,SEAT,44.9167,4
TACC,SRI,36.7067,4
TACC,STAR,11.1432,1
TACC,UCSD,33.7867,4
TACC,UTAH,26.6242,3
TACC,WASH,24.6237,3
UCSD,ATLA,26.9840,3
UCSD,CLEM,41.5365,5
UCSD,DALL,18.6430,2
UCSD,EDC,23.9280,5
UCSD,EDUKY,26.6281,4
UCSD,FIU,33.2665,4
UCSD,GATECH,40.3485,5
UCSD,GPN,17.3365,4
UCSD,HAWI,25.7100,2
UCSD,INDI,24.9575,4
UCSD,KANS,17.1990,3
UCSD,LOSA,1.1485,1
UCSD,MASS,35.0020,5
UCSD,MAX,34.2225,5
UCSD,MICH,25.1930,4
UCSD,NCSA,23.8780,4
UCSD,NEWY,33.5825,4
UCSD,PRIN,34.2495,5
UCSD,PSC,36.4185,5
UCSD,RUTG,34.0950,5
UCSD,SALT,7.2695,2
UCSD,SEAT,13.4270,2
UCSD,SRI,5.2170,2
UCSD,STAR,22.6435,3
UCSD,TACC,33.7867,4
UCSD,UTAH,7.3765,3
UCSD,WASH,33.3520,4
UTAH,ATLA,22.9160,4
UTAH,CLEM,37.1460,5
UTAH,DALL,14.5750,3
UTAH,EDC,16.7655,4
UTAH,EDUKY,19.4656,3
UTAH,FIU,29.1985,5
UTAH,GATECH,35.9580,5
UTAH,GPN,10.1740,3
UTAH,HAWI,30.7895,3
UTAH,INDI,17.7950,3
UTAH,KANS,10.0365,2
UTAH,LOSA,6.2280,2
UTAH,MASS,27.8395,4
UTAH,MAX,29.8320,5
UTAH,MICH,18.0305,3
UTAH,NCSA,16.7155,3
UTAH,NEWY,26.4200,3
UTAH,PRIN,27.0870,4
UTAH,PSC,32.0280,5
UTAH,RUTG,26.9325,4
UTAH,SALT,0.1070,1
UTAH,SEAT,18.5065,3
UTAH,SRI,10.2965,3
UTAH,STAR,15.4810,2
UTAH,TACC,26.6242,3
UTAH,UCSD,7.3765,3
UTAH,WASH,28.9615,4
WASH,ATLA,6.3680,1
WASH,CLEM,8.1845,1
WASH,DALL,14.7090,2
WASH,EDC,14.7650,4
WASH,EDUKY,17.4651,3
WASH,FIU,12.6505,2
WASH,GATECH,6.9965,1
WASH,GPN,19.3850,4
WASH,HAWI,56.7650,4
WASH,INDI,15.7945,3
WASH,KANS,19.2475,3
WASH,LOSA,32.2035,3
WASH,MASS,3.9610,2
WASH,MAX,0.8705,1
WASH,MICH,16.0300,3
WASH,NCSA,14.7150,3
WASH,NEWY,2.5415,1
WASH,PRIN,3.2085,2
WASH,PSC,3.0665,1
WASH,RUTG,3.0540,2
WASH,SALT,28.8545,3
WASH,SEAT,44.4820,4
WASH,SRI,36.2720,4
WASH,STAR,13.4805,2
WASH,TACC,24.6237,3
WASH,UCSD,33.3520,4
WASH,UTAH,28.9615,4
